<?xml version="1.0" encoding="UTF-8"?>
<Configuration monitorInterval="60">

	<Properties>
		<Property name="log-path">logs</Property>
		<Property name="archive">${log-path}/archive</Property>
	</Properties>
	
	<Appenders>
		<File name="File-Appender" fileName="${log-path}/BATlogs.log">
		
			<PatternLayout>
				<pattern>
					[%-5level] %d{yyyy-MM-dd HH:mm:ss.SSS} [%t] %c{1} - %msg%n
				</pattern>
			</PatternLayout>
		</File>
		<RollingFile name="RollingFile-Appender" fileName="${sys:log-path}/BATrollingfile.log"
			filePattern="${archive}/rollingfile.log.%d{yyyy-MM-dd-hh-mm}.gz">
			<PatternLayout
				pattern="[%-5level] %d{yyyy-MM-dd HH:mm:ss.SSS} [%t] %c{1} - %msg%n" />
			<Policies>
				<TimeBasedTriggeringPolicy />
				<SizeBasedTriggeringPolicy size="1 MB" />
			</Policies>
			<DefaultRolloverStrategy max="10" />
		</RollingFile>
	</Appenders>

	<Loggers>
		<Root level="all">
			<AppenderRef ref="File-Appender" />
		</Root>
	</Loggers>
</Configuration>